time_step,time,num_params,RMSE,MAPE,SMAPE,MAE,R2,NRMSE,FB,time_std,num_params_std,RMSE_std,MAPE_std,SMAPE_std,MAE_std,R2_std,NRMSE_std,FB_std
PM2.5 (t+10),43.85466666666667,329622.0,563.991108194987,184.34202512105307,35.54225688179334,450.4728088378906,-0.747889690064927,32.23403901651507,-0.006186761617473191,9.737467536427964,0.0,258.55919962762573,123.28267932871292,9.610672767093861,197.51953312560946,1.934051995699231,68.14810359701158,0.40564323350925424
PM2.5 (t+15),43.85466666666667,329622.0,548.859750366211,183.0495442946752,35.42465617259344,441.24072926839193,-0.46941650073566143,30.813028796041017,-0.017275818636673372,9.737467536427964,0.0,232.89534407570372,116.63640271642882,8.836798149710964,182.88198791004945,1.0457412469936525,64.54412368899403,0.3549092795506737
PM2.5 (t+20),43.85466666666667,329622.0,529.0092102050781,178.97710303465524,35.0216535727183,428.7707015991211,-0.4020087716523196,29.535243915529513,-0.028623002687320674,9.737467536427964,0.0,220.18488903616824,117.32963137979576,8.196415055426108,169.89363764587821,0.8779500204964164,63.944776713013034,0.3511966103121415
PM2.5 (t+25),43.85466666666667,329622.0,541.8250559488932,175.3780828913053,35.64465547601382,439.7940948486328,-0.4367174945240391,29.61702091047893,-0.010826837226315915,9.737467536427964,0.0,221.58167850555944,112.14478739205654,8.27111890441098,168.13984223749077,0.938247721414483,65.65616985840776,0.3875992089715156
PM2.5 (t+30),43.85466666666667,329622.0,558.9157002766927,171.76261295874914,35.543527652819954,452.0870885213216,-0.39276722941040615,30.32374910166659,0.03793170071472461,9.737467536427964,0.0,251.82907754720196,102.06671968645551,7.995206287739534,182.62913058927606,0.6923002799882314,69.02796259920112,0.39501714892942363
PM2.5 (t+5),43.85466666666667,329622.0,570.4506042480468,189.492436448733,36.07177327076594,457.17539672851564,-0.968317925815003,35.45695311009663,-0.006089427345961839,9.737467536427964,0.0,285.76708399214795,129.6092481536636,10.365995903892857,217.15633229792164,3.023473300787397,82.88503144483387,0.45289745602110554
