time_step,time,num_params,RMSE,MAPE,SMAPE,MAE,R2,NRMSE,FB,time_std,num_params_std,RMSE_std,MAPE_std,SMAPE_std,MAE_std,R2_std,NRMSE_std,FB_std
Global_active_power (t+10),26.904,148374.0,219.6184046427409,66.23278141021729,25.384875585635502,180.97373530069987,-2.2143926783592986,152.2475333736456,0.086642019707163,5.231302732194158,0.0,64.28701473898533,25.40512262368518,5.263569388092315,52.89880606605244,10.872519969127419,247.53256287815375,0.2875483559664169
Global_active_power (t+15),26.904,148374.0,220.51626052856446,65.71161150932312,25.504150191942852,181.78842442830404,-4.013293253478484,150.67529136044277,0.09011919657018216,5.231302732194158,0.0,64.52520250001137,24.275202540720844,5.2835098014152235,52.953654582236005,20.615160813403598,243.54331144563375,0.2944754100945743
Global_active_power (t+20),26.904,148374.0,220.82352981567382,64.29232438405354,25.224294116099674,181.41524073282878,-38.60019555155159,153.59712843583787,0.09710767684659408,5.231302732194158,0.0,65.83219129909143,24.029266566310483,5.269128180574481,52.90525224722255,210.0846492416656,250.92912272432446,0.2922321612082298
Global_active_power (t+25),26.904,148374.0,223.1619031270345,64.17065540949504,25.443805555502575,183.00037333170573,-43.510264641474144,155.80269357897822,0.10458086536843898,5.231302732194158,0.0,67.59039382319772,23.144854096954184,5.258882979914503,53.806175994199805,236.83707342628267,253.114274861333,0.303083436705568
Global_active_power (t+30),26.904,148374.0,218.25906346638996,62.945131063461304,24.87771024306615,178.64783579508463,-32.727194943284736,149.42018212644498,0.09005298717808308,5.231302732194158,0.0,66.31311721757554,20.053126436998912,4.848689464837943,52.93870964207322,177.52867079482567,242.5641593266676,0.29042548244810995
Global_active_power (t+5),26.904,148374.0,221.2521998087565,66.89515461524327,25.634217460950214,181.91259689331054,-1.832572192976297,152.78830651123513,0.0870063695222433,5.231302732194158,0.0,64.39634285451534,26.323143811054173,5.651078123111493,54.029051945144566,8.783319201272505,251.12915693120578,0.2899600120727294
